-- phpMyAdmin SQL Dump
-- version 5.0.2
-- https://www.phpmyadmin.net/
--
-- Host: 127.0.0.1
-- Generation Time: May 01, 2022 at 03:04 PM
-- Server version: 10.4.14-MariaDB
-- PHP Version: 7.4.10

SET SQL_MODE = "NO_AUTO_VALUE_ON_ZERO";
START TRANSACTION;
SET time_zone = "+00:00";


/*!40101 SET @OLD_CHARACTER_SET_CLIENT=@@CHARACTER_SET_CLIENT */;
/*!40101 SET @OLD_CHARACTER_SET_RESULTS=@@CHARACTER_SET_RESULTS */;
/*!40101 SET @OLD_COLLATION_CONNECTION=@@COLLATION_CONNECTION */;
/*!40101 SET NAMES utf8mb4 */;

--
-- Database: `zakat`
--

-- --------------------------------------------------------

--
-- Table structure for table `amils`
--

CREATE TABLE `amils` (
  `id` int(10) UNSIGNED NOT NULL,
  `amount` int(11) NOT NULL DEFAULT 0,
  `distribution` int(11) NOT NULL DEFAULT 0,
  `created_at` timestamp NULL DEFAULT NULL,
  `updated_at` timestamp NULL DEFAULT NULL
) ENGINE=InnoDB DEFAULT CHARSET=utf8mb4 COLLATE=utf8mb4_unicode_ci;

--
-- Dumping data for table `amils`
--

INSERT INTO `amils` (`id`, `amount`, `distribution`, `created_at`, `updated_at`) VALUES
(1, 24, 2, NULL, '2022-05-01 05:50:32');

-- --------------------------------------------------------

--
-- Table structure for table `failed_jobs`
--

CREATE TABLE `failed_jobs` (
  `id` int(10) UNSIGNED NOT NULL,
  `uuid` varchar(255) COLLATE utf8mb4_unicode_ci NOT NULL,
  `connection` text COLLATE utf8mb4_unicode_ci NOT NULL,
  `queue` text COLLATE utf8mb4_unicode_ci NOT NULL,
  `payload` longtext COLLATE utf8mb4_unicode_ci NOT NULL,
  `exception` longtext COLLATE utf8mb4_unicode_ci NOT NULL,
  `failed_at` timestamp NOT NULL DEFAULT current_timestamp()
) ENGINE=InnoDB DEFAULT CHARSET=utf8mb4 COLLATE=utf8mb4_unicode_ci;

-- --------------------------------------------------------

--
-- Table structure for table `migrations`
--

CREATE TABLE `migrations` (
  `id` int(10) UNSIGNED NOT NULL,
  `migration` varchar(255) COLLATE utf8mb4_unicode_ci NOT NULL,
  `batch` int(11) NOT NULL
) ENGINE=InnoDB DEFAULT CHARSET=utf8mb4 COLLATE=utf8mb4_unicode_ci;

--
-- Dumping data for table `migrations`
--

INSERT INTO `migrations` (`id`, `migration`, `batch`) VALUES
(1, '2014_10_12_000000_create_users_table', 1),
(2, '2014_10_12_100000_create_password_resets_table', 1),
(3, '2019_08_19_000000_create_failed_jobs_table', 1),
(4, '2019_12_14_000001_create_personal_access_tokens_table', 1),
(5, '2022_04_17_131607_create_satuan_zakats_table', 1),
(6, '2022_04_17_134649_create_mustahik_types_table', 1),
(7, '2022_04_17_140810_create_rws_table', 1),
(8, '2022_04_17_141541_create_rts_table', 1),
(9, '2022_04_17_154807_create_people_table', 1),
(10, '2022_04_17_154827_create_zakats_table', 1),
(11, '2022_04_22_163533_create_mustahik_statuses_table', 1),
(12, '2022_04_22_163649_create_mustahiks_table', 1),
(13, '2022_04_23_020150_create_amils_table', 1);

-- --------------------------------------------------------

--
-- Table structure for table `mustahiks`
--

CREATE TABLE `mustahiks` (
  `id` int(10) UNSIGNED NOT NULL,
  `name` varchar(255) COLLATE utf8mb4_unicode_ci NOT NULL,
  `rt_id` int(10) UNSIGNED NOT NULL,
  `rw_id` int(10) UNSIGNED NOT NULL,
  `mustahik_type_id` int(10) UNSIGNED NOT NULL,
  `mustahik_status_id` int(10) UNSIGNED NOT NULL,
  `distribution` int(11) DEFAULT NULL,
  `created_at` timestamp NULL DEFAULT NULL,
  `updated_at` timestamp NULL DEFAULT NULL
) ENGINE=InnoDB DEFAULT CHARSET=utf8mb4 COLLATE=utf8mb4_unicode_ci;

--
-- Dumping data for table `mustahiks`
--

INSERT INTO `mustahiks` (`id`, `name`, `rt_id`, `rw_id`, `mustahik_type_id`, `mustahik_status_id`, `distribution`, `created_at`, `updated_at`) VALUES
(1, 'B. SULAMA', 1, 1, 1, 4, NULL, '2022-05-01 01:16:02', '2022-05-01 01:16:02'),
(2, 'B. BUSANE', 1, 1, 1, 4, NULL, '2022-05-01 01:16:50', '2022-05-01 01:16:50'),
(3, 'B. TIK', 1, 1, 1, 4, NULL, '2022-05-01 01:17:15', '2022-05-01 01:17:15'),
(4, 'P. SULIMAN', 1, 1, 1, 4, NULL, '2022-05-01 01:17:36', '2022-05-01 01:17:36'),
(5, 'B. MAHALI', 1, 1, 1, 4, NULL, '2022-05-01 01:23:42', '2022-05-01 01:23:42'),
(6, 'B. JUMA\'ATI', 1, 1, 1, 4, NULL, '2022-05-01 01:24:07', '2022-05-01 01:24:07'),
(7, 'P. GIMAN KANCIL', 1, 1, 1, 4, NULL, '2022-05-01 01:24:23', '2022-05-01 01:24:23'),
(8, 'B. PARNIK', 1, 1, 1, 4, NULL, '2022-05-01 01:24:38', '2022-05-01 01:24:38'),
(9, 'B. ISA', 1, 1, 1, 4, NULL, '2022-05-01 01:24:53', '2022-05-01 01:24:53'),
(10, 'B. BUNI', 2, 1, 1, 4, NULL, '2022-05-01 01:26:33', '2022-05-01 01:26:33'),
(11, 'P. GIMAN', 2, 1, 1, 4, NULL, '2022-05-01 01:26:51', '2022-05-01 01:26:51'),
(12, 'P. SUYONO', 2, 1, 1, 4, NULL, '2022-05-01 01:27:12', '2022-05-01 01:27:12'),
(13, 'P. AHYAR', 2, 1, 1, 4, NULL, '2022-05-01 01:27:32', '2022-05-01 01:27:32'),
(14, 'B. HANIYA', 2, 1, 1, 4, NULL, '2022-05-01 01:27:59', '2022-05-01 01:27:59'),
(15, 'B. SUMIYATI', 2, 1, 1, 4, NULL, '2022-05-01 01:30:13', '2022-05-01 01:30:13'),
(17, 'P. HARIYANTO', 2, 1, 1, 4, NULL, '2022-05-01 01:50:24', '2022-05-01 01:50:24'),
(18, 'P. MU\'ARIF', 2, 1, 1, 4, NULL, '2022-05-01 01:50:37', '2022-05-01 01:50:37'),
(19, 'P. SUMITO', 2, 1, 1, 4, NULL, '2022-05-01 01:50:53', '2022-05-01 01:50:53'),
(20, 'B. SUNARMI', 2, 1, 1, 4, NULL, '2022-05-01 01:51:06', '2022-05-01 01:51:06'),
(21, 'B. SRI MARIYANI', 2, 1, 1, 4, NULL, '2022-05-01 01:51:17', '2022-05-01 01:51:17'),
(22, 'B. SURATI', 2, 1, 1, 4, NULL, '2022-05-01 01:51:29', '2022-05-01 01:51:29'),
(23, 'RISKA', 2, 1, 1, 4, NULL, '2022-05-01 01:51:41', '2022-05-01 01:51:41'),
(24, 'B. KIPTIYA', 2, 1, 1, 4, NULL, '2022-05-01 01:51:53', '2022-05-01 01:51:53'),
(25, 'B. KHOMSATUN', 3, 1, 1, 4, NULL, '2022-05-01 01:52:47', '2022-05-01 01:52:47'),
(26, 'B. AMINAH', 3, 1, 1, 4, NULL, '2022-05-01 01:53:00', '2022-05-01 01:53:00'),
(27, 'B. SANI', 3, 1, 1, 4, NULL, '2022-05-01 01:53:15', '2022-05-01 01:53:15'),
(28, 'P. PON', 3, 1, 1, 4, NULL, '2022-05-01 01:53:53', '2022-05-01 01:53:53'),
(29, 'P. PURNOMO', 3, 1, 1, 4, NULL, '2022-05-01 01:54:06', '2022-05-01 01:54:06'),
(30, 'P. MISJANTO', 3, 1, 1, 4, NULL, '2022-05-01 01:54:19', '2022-05-01 01:54:19'),
(31, 'RUSLI', 3, 1, 1, 4, NULL, '2022-05-01 01:54:30', '2022-05-01 01:54:30'),
(32, 'B. RIANI', 3, 1, 1, 4, NULL, '2022-05-01 01:54:41', '2022-05-01 01:54:41'),
(33, 'P. TAKIM', 3, 1, 1, 4, NULL, '2022-05-01 01:54:51', '2022-05-01 01:54:51'),
(34, 'P. SANIDIN', 3, 1, 1, 4, NULL, '2022-05-01 01:55:03', '2022-05-01 01:55:03'),
(35, 'B. SAIYA', 3, 1, 1, 4, NULL, '2022-05-01 01:55:19', '2022-05-01 01:55:19'),
(36, 'B .I\'IN', 3, 1, 1, 4, NULL, '2022-05-01 01:55:31', '2022-05-01 01:55:31'),
(37, 'B. ROHAINAH', 3, 1, 1, 4, NULL, '2022-05-01 01:55:43', '2022-05-01 01:55:43'),
(38, 'B. SALBIAH', 3, 1, 1, 4, NULL, '2022-05-01 01:55:53', '2022-05-01 01:55:53'),
(39, 'B. EKA SARI DEWI', 3, 1, 6, 1, NULL, '2022-05-01 01:56:13', '2022-05-01 01:56:13'),
(40, 'P. MISKARI', 3, 1, 6, 1, NULL, '2022-05-01 01:56:26', '2022-05-01 01:56:26'),
(41, 'B. DIAN', 5, 2, 1, 4, NULL, '2022-05-01 01:57:49', '2022-05-01 01:57:49'),
(42, 'P. URIP', 5, 2, 1, 4, NULL, '2022-05-01 01:58:05', '2022-05-01 01:58:05'),
(43, 'P. KARIYONO', 5, 2, 1, 4, NULL, '2022-05-01 01:58:24', '2022-05-01 01:58:24'),
(44, 'B. PONIYATI', 5, 2, 1, 4, NULL, '2022-05-01 01:58:39', '2022-05-01 01:58:39'),
(45, 'B. SUNASTIN', 5, 2, 1, 4, NULL, '2022-05-01 01:58:52', '2022-05-01 01:58:52'),
(46, 'B. UMI. R', 5, 2, 1, 4, NULL, '2022-05-01 01:59:03', '2022-05-01 01:59:03'),
(47, 'TOMO', 5, 2, 1, 4, NULL, '2022-05-01 01:59:13', '2022-05-01 01:59:13'),
(48, 'P. SAREP', 5, 2, 1, 4, NULL, '2022-05-01 01:59:24', '2022-05-01 01:59:24'),
(49, 'P. JUN', 5, 2, 1, 4, NULL, '2022-05-01 01:59:36', '2022-05-01 01:59:36'),
(50, 'B. WIR', 5, 2, 1, 4, NULL, '2022-05-01 01:59:50', '2022-05-01 01:59:50'),
(51, 'B. SAIHA', 5, 2, 1, 4, NULL, '2022-05-01 02:00:02', '2022-05-01 02:00:02'),
(52, 'B. JAITUN', 5, 2, 1, 4, NULL, '2022-05-01 02:00:13', '2022-05-01 02:00:13'),
(53, 'B. NURJANAH', 5, 2, 6, 1, NULL, '2022-05-01 02:00:30', '2022-05-01 02:00:30'),
(54, 'P. APADAH', 5, 2, 6, 1, NULL, '2022-05-01 02:00:46', '2022-05-01 02:00:46'),
(55, 'P. HOTIB', 5, 2, 6, 1, NULL, '2022-05-01 02:00:56', '2022-05-01 02:00:56'),
(56, 'P. ADI', 5, 2, 6, 1, NULL, '2022-05-01 02:01:08', '2022-05-01 02:01:08'),
(57, 'P. MUNIR', 5, 2, 6, 1, NULL, '2022-05-01 02:01:20', '2022-05-01 02:01:20'),
(58, 'B. SATIRA', 6, 2, 1, 4, NULL, '2022-05-01 02:01:54', '2022-05-01 02:01:54'),
(59, 'P. MADURI', 6, 2, 1, 4, NULL, '2022-05-01 02:02:08', '2022-05-01 02:02:08'),
(60, 'P. ADENAN', 6, 2, 1, 4, NULL, '2022-05-01 02:02:19', '2022-05-01 02:02:19'),
(61, 'B. LAM\'AH', 6, 2, 1, 4, NULL, '2022-05-01 02:02:31', '2022-05-01 02:02:31'),
(62, 'P. NURSAI', 6, 2, 1, 4, NULL, '2022-05-01 02:02:43', '2022-05-01 02:02:43'),
(63, 'B. SANATI', 6, 2, 1, 4, NULL, '2022-05-01 02:02:54', '2022-05-01 02:02:54'),
(64, 'B. MARJANAH', 6, 2, 1, 4, NULL, '2022-05-01 02:03:05', '2022-05-01 02:03:05'),
(65, 'P. LEGIMAN', 6, 2, 1, 4, NULL, '2022-05-01 02:03:14', '2022-05-01 02:03:14'),
(66, 'P. MING', 6, 2, 1, 4, NULL, '2022-05-01 02:03:25', '2022-05-01 02:03:25'),
(67, 'P. SUTIKNO', 6, 2, 1, 4, NULL, '2022-05-01 02:03:35', '2022-05-01 02:03:35'),
(68, 'P. SAPI\'I', 6, 2, 6, 1, NULL, '2022-05-01 02:03:46', '2022-05-01 02:03:46'),
(69, 'LITHA', 6, 2, 6, 1, NULL, '2022-05-01 02:03:56', '2022-05-01 02:03:56'),
(70, 'B. JUM', 7, 2, 1, 4, NULL, '2022-05-01 02:04:22', '2022-05-01 02:04:22'),
(71, 'B. WINARSIH', 7, 2, 1, 4, NULL, '2022-05-01 02:04:33', '2022-05-01 02:04:33'),
(72, 'EDO', 7, 2, 1, 4, NULL, '2022-05-01 02:04:43', '2022-05-01 02:04:43'),
(73, 'LIRA', 7, 2, 1, 4, NULL, '2022-05-01 02:04:54', '2022-05-01 02:04:54'),
(74, 'ARIF', 7, 2, 1, 4, NULL, '2022-05-01 02:05:04', '2022-05-01 02:05:04'),
(75, 'B. NURUL', 7, 2, 1, 4, NULL, '2022-05-01 02:05:21', '2022-05-01 02:05:21'),
(76, 'P. YANTO / YUYUL', 7, 2, 1, 4, NULL, '2022-05-01 02:05:33', '2022-05-01 02:05:33'),
(77, 'P. HARUN', 7, 2, 1, 4, NULL, '2022-05-01 02:05:44', '2022-05-01 02:05:44'),
(78, 'P. IMAM', 7, 2, 6, 1, NULL, '2022-05-01 02:05:54', '2022-05-01 02:05:54'),
(79, 'P.DIDIK', 7, 2, 6, 1, NULL, '2022-05-01 02:06:06', '2022-05-01 02:06:06'),
(80, 'B. GIMAH', 4, 1, 1, 4, NULL, '2022-05-01 02:16:59', '2022-05-01 02:16:59'),
(81, 'B. MISNAH', 4, 1, 1, 4, NULL, '2022-05-01 02:17:12', '2022-05-01 02:17:12'),
(82, 'B. PAENAH', 4, 1, 1, 4, NULL, '2022-05-01 02:17:25', '2022-05-01 02:17:25'),
(83, 'B. TIN (DURAHMAN)', 4, 1, 1, 4, NULL, '2022-05-01 02:17:38', '2022-05-01 02:17:38'),
(84, 'B. PU\'AH', 4, 1, 1, 4, NULL, '2022-05-01 02:17:47', '2022-05-01 02:17:47'),
(85, 'B. MIS (TO PETIS)', 4, 1, 1, 4, NULL, '2022-05-01 02:17:58', '2022-05-01 02:17:58'),
(86, 'P.SUTARI', 4, 1, 1, 4, NULL, '2022-05-01 02:18:09', '2022-05-01 02:18:09'),
(87, 'B. TEMU', 4, 1, 1, 4, NULL, '2022-05-01 02:18:55', '2022-05-01 02:18:55'),
(88, 'B. SAMINAH', 4, 1, 1, 4, NULL, '2022-05-01 02:19:18', '2022-05-01 02:19:18'),
(89, 'B. YAH', 4, 1, 1, 4, NULL, '2022-05-01 02:19:29', '2022-05-01 02:19:29'),
(90, 'P. KUSNI', 4, 1, 1, 4, NULL, '2022-05-01 02:19:39', '2022-05-01 02:19:39'),
(91, 'P. BUANG/YUSI', 4, 1, 1, 4, NULL, '2022-05-01 02:19:48', '2022-05-01 02:19:48'),
(92, 'B. PONITI/P. MU\'I', 4, 1, 1, 4, NULL, '2022-05-01 02:19:59', '2022-05-01 02:19:59'),
(93, 'B. JAMINEM', 4, 1, 1, 4, NULL, '2022-05-01 02:20:42', '2022-05-01 02:20:42'),
(94, 'P. JUMADIN', 4, 1, 1, 4, NULL, '2022-05-01 02:20:53', '2022-05-01 02:20:53'),
(95, 'P SAM HANSIP', 4, 1, 1, 4, NULL, '2022-05-01 02:21:07', '2022-05-01 02:21:07'),
(96, 'B. WAR', 4, 1, 1, 4, NULL, '2022-05-01 02:21:17', '2022-05-01 02:21:17'),
(97, 'P. SAM TO', 4, 1, 1, 4, NULL, '2022-05-01 02:21:28', '2022-05-01 02:21:28'),
(98, 'B. ERNA', 4, 1, 1, 4, NULL, '2022-05-01 02:21:38', '2022-05-01 02:21:38'),
(99, 'P. PAIRIK', 4, 1, 1, 4, NULL, '2022-05-01 02:21:47', '2022-05-01 02:21:47'),
(100, 'P. PARES', 4, 1, 1, 4, NULL, '2022-05-01 02:21:59', '2022-05-01 02:21:59'),
(101, 'P. NARYO', 4, 1, 1, 4, NULL, '2022-05-01 02:22:10', '2022-05-01 02:22:10'),
(102, 'B. SUMAR', 4, 1, 1, 4, NULL, '2022-05-01 02:22:21', '2022-05-01 02:22:21'),
(103, 'B. MARWIYAH', 4, 1, 1, 4, NULL, '2022-05-01 02:22:32', '2022-05-01 02:22:32'),
(104, 'B. MISIYEM', 4, 1, 1, 4, NULL, '2022-05-01 02:22:43', '2022-05-01 02:22:43'),
(105, 'P. AHMADI', 4, 1, 6, 1, NULL, '2022-05-01 02:23:22', '2022-05-01 02:23:22'),
(106, 'P. KHAIRUL', 4, 1, 6, 1, NULL, '2022-05-01 02:23:32', '2022-05-01 02:23:32'),
(107, 'UST. TO PLN', 4, 1, 6, 1, NULL, '2022-05-01 02:23:43', '2022-05-01 02:23:43'),
(108, 'HADIYATIK', 5, 2, 1, 4, NULL, '2022-05-01 05:33:40', '2022-05-01 05:33:40'),
(109, 'Wagimok', 6, 2, 1, 4, NULL, '2022-05-01 05:53:46', '2022-05-01 05:53:46'),
(110, 'Ragil', 6, 2, 1, 4, NULL, '2022-05-01 05:54:02', '2022-05-01 05:54:02'),
(111, 'Suyanto', 6, 2, 1, 4, NULL, '2022-05-01 05:54:23', '2022-05-01 05:54:23'),
(112, 'Tumini', 6, 2, 1, 4, NULL, '2022-05-01 05:54:42', '2022-05-01 05:54:42'),
(113, 'Winarno', 6, 2, 1, 4, NULL, '2022-05-01 05:54:57', '2022-05-01 05:54:57'),
(114, 'Paenah', 6, 2, 1, 4, NULL, '2022-05-01 05:55:14', '2022-05-01 05:55:14');

-- --------------------------------------------------------

--
-- Table structure for table `mustahik_statuses`
--

CREATE TABLE `mustahik_statuses` (
  `id` int(10) UNSIGNED NOT NULL,
  `name` varchar(255) COLLATE utf8mb4_unicode_ci NOT NULL,
  `distribution` int(11) NOT NULL,
  `created_at` timestamp NULL DEFAULT NULL,
  `updated_at` timestamp NULL DEFAULT NULL
) ENGINE=InnoDB DEFAULT CHARSET=utf8mb4 COLLATE=utf8mb4_unicode_ci;

--
-- Dumping data for table `mustahik_statuses`
--

INSERT INTO `mustahik_statuses` (`id`, `name`, `distribution`, `created_at`, `updated_at`) VALUES
(1, 'Sabilillah', 5, '2022-04-30 23:43:33', '2022-05-01 05:04:00'),
(4, 'Penerima', 5, '2022-05-01 01:07:56', '2022-05-01 05:04:00');

-- --------------------------------------------------------

--
-- Table structure for table `mustahik_types`
--

CREATE TABLE `mustahik_types` (
  `id` int(10) UNSIGNED NOT NULL,
  `name` varchar(255) COLLATE utf8mb4_unicode_ci NOT NULL,
  `created_at` timestamp NULL DEFAULT NULL,
  `updated_at` timestamp NULL DEFAULT NULL
) ENGINE=InnoDB DEFAULT CHARSET=utf8mb4 COLLATE=utf8mb4_unicode_ci;

--
-- Dumping data for table `mustahik_types`
--

INSERT INTO `mustahik_types` (`id`, `name`, `created_at`, `updated_at`) VALUES
(1, 'Fakir', '2022-04-30 23:41:56', '2022-04-30 23:41:56'),
(2, 'Miskin', '2022-04-30 23:41:59', '2022-04-30 23:41:59'),
(3, 'Mu\'allaf', '2022-04-30 23:42:13', '2022-04-30 23:43:04'),
(4, 'Riqab', '2022-04-30 23:42:28', '2022-04-30 23:42:28'),
(5, 'Gharim', '2022-04-30 23:42:36', '2022-04-30 23:42:36'),
(6, 'Fi Sabilillah', '2022-04-30 23:42:44', '2022-04-30 23:42:44'),
(7, 'Ibnu Sabil', '2022-04-30 23:42:57', '2022-04-30 23:42:57');

-- --------------------------------------------------------

--
-- Table structure for table `password_resets`
--

CREATE TABLE `password_resets` (
  `email` varchar(255) COLLATE utf8mb4_unicode_ci NOT NULL,
  `token` varchar(255) COLLATE utf8mb4_unicode_ci NOT NULL,
  `created_at` timestamp NULL DEFAULT NULL
) ENGINE=InnoDB DEFAULT CHARSET=utf8mb4 COLLATE=utf8mb4_unicode_ci;

-- --------------------------------------------------------

--
-- Table structure for table `people`
--

CREATE TABLE `people` (
  `id` int(10) UNSIGNED NOT NULL,
  `name` varchar(255) COLLATE utf8mb4_unicode_ci NOT NULL,
  `rw_id` int(10) UNSIGNED NOT NULL,
  `rt_id` int(10) UNSIGNED NOT NULL,
  `created_at` timestamp NULL DEFAULT NULL,
  `updated_at` timestamp NULL DEFAULT NULL
) ENGINE=InnoDB DEFAULT CHARSET=utf8mb4 COLLATE=utf8mb4_unicode_ci;

--
-- Dumping data for table `people`
--

INSERT INTO `people` (`id`, `name`, `rw_id`, `rt_id`, `created_at`, `updated_at`) VALUES
(1, 'Hadi.S', 1, 3, '2022-05-01 01:10:07', '2022-05-01 01:10:07'),
(2, 'Yanto', 1, 3, '2022-05-01 01:10:27', '2022-05-01 01:10:27'),
(3, 'Fika', 1, 4, '2022-05-01 01:10:43', '2022-05-01 01:10:43'),
(4, 'Suparman', 1, 4, '2022-05-01 01:11:16', '2022-05-01 01:11:16'),
(5, 'Hj. Erlina', 1, 3, '2022-05-01 01:12:07', '2022-05-01 01:12:07'),
(6, 'Nursalim', 1, 2, '2022-05-01 01:12:36', '2022-05-01 01:12:36'),
(7, 'Mispan', 1, 2, '2022-05-01 01:13:00', '2022-05-01 01:13:00'),
(8, 'Ron', 1, 4, '2022-05-01 01:13:16', '2022-05-01 01:13:16'),
(9, 'Giman', 1, 2, '2022-05-01 01:13:29', '2022-05-01 01:13:29'),
(10, 'Desi', 1, 2, '2022-05-01 01:14:53', '2022-05-01 01:14:53'),
(11, 'Tohari', 1, 2, '2022-05-01 01:15:07', '2022-05-01 01:15:07'),
(12, 'Sarep', 2, 5, '2022-05-01 01:23:57', '2022-05-01 01:23:57'),
(13, 'abdullah', 1, 3, '2022-05-01 01:25:11', '2022-05-01 01:25:11'),
(14, 'A Hyar', 1, 2, '2022-05-01 01:34:07', '2022-05-01 01:34:07'),
(15, 'Jumadin', 1, 4, '2022-05-01 01:34:30', '2022-05-01 01:34:30'),
(16, 'P. Goto', 1, 3, '2022-05-01 01:35:03', '2022-05-01 01:35:03'),
(17, 'Jainik', 1, 1, '2022-05-01 01:35:22', '2022-05-01 01:35:22'),
(18, 'Maya', 1, 1, '2022-05-01 01:35:36', '2022-05-01 01:35:36'),
(19, 'Maman', 1, 4, '2022-05-01 01:35:58', '2022-05-01 01:35:58'),
(20, 'Giman', 1, 1, '2022-05-01 01:36:16', '2022-05-01 01:36:16'),
(21, 'Pidik', 2, 5, '2022-05-01 01:36:40', '2022-05-01 01:36:40'),
(22, 'Absidin', 1, 4, '2022-05-01 01:39:44', '2022-05-01 01:39:44'),
(23, 'mbak dian', 2, 5, '2022-05-01 01:45:41', '2022-05-01 01:45:41'),
(24, 'kariyono', 2, 5, '2022-05-01 01:46:32', '2022-05-01 01:46:32'),
(25, 'Mbah Buni', 1, 2, '2022-05-01 01:47:21', '2022-05-01 01:47:21'),
(26, 'P. Dandit', 1, 3, '2022-05-01 01:50:28', '2022-05-01 01:50:28'),
(27, 'rt 03/rw 07', 2, 7, '2022-05-01 01:50:45', '2022-05-01 01:50:45'),
(28, 'P. Misjianto', 1, 3, '2022-05-01 01:56:17', '2022-05-01 01:56:17'),
(29, 'P. Jauhari', 1, 2, '2022-05-01 01:58:50', '2022-05-01 01:58:50'),
(30, 'Bu. Sutik', 1, 3, '2022-05-01 01:59:15', '2022-05-01 01:59:15'),
(32, 'Anis', 1, 4, '2022-05-01 02:01:46', '2022-05-01 02:01:46'),
(33, 'maduri', 2, 6, '2022-05-01 02:02:56', '2022-05-01 02:02:56'),
(34, 'Bu. Wakini', 2, 6, '2022-05-01 02:03:11', '2022-05-01 02:03:11'),
(35, 'P. Kasmudi', 1, 2, '2022-05-01 02:04:01', '2022-05-01 02:04:01'),
(36, 'P. Samsul', 1, 2, '2022-05-01 02:04:37', '2022-05-01 02:04:37'),
(37, 'matraji', 1, 3, '2022-05-01 02:06:54', '2022-05-01 02:06:54'),
(38, 'P. Heri Nita', 1, 2, '2022-05-01 02:08:37', '2022-05-01 02:08:37'),
(39, 'P. Sukono', 1, 2, '2022-05-01 02:09:15', '2022-05-01 02:09:15'),
(40, 'yeni', 2, 7, '2022-05-01 02:10:06', '2022-05-01 02:10:06'),
(41, 'yayuk', 2, 5, '2022-05-01 02:12:39', '2022-05-01 02:12:39'),
(42, 'P. Patola', 1, 1, '2022-05-01 02:13:15', '2022-05-01 02:13:15'),
(43, 'fras', 2, 7, '2022-05-01 02:14:14', '2022-05-01 02:14:14'),
(44, 'fiki', 2, 5, '2022-05-01 02:14:39', '2022-05-01 02:14:39'),
(45, 'P. Tain', 1, 4, '2022-05-01 02:15:10', '2022-05-01 02:15:10'),
(46, 'P. Nanang', 1, 3, '2022-05-01 02:15:59', '2022-05-01 02:15:59'),
(47, 'heri', 2, 7, '2022-05-01 02:16:06', '2022-05-01 02:16:06'),
(48, 'jik yan', 2, 6, '2022-05-01 02:16:41', '2022-05-01 02:16:41'),
(49, 'P. Paidi', 1, 4, '2022-05-01 02:20:43', '2022-05-01 02:20:43'),
(50, 'poniyem', 2, 6, '2022-05-01 02:20:56', '2022-05-01 02:20:56'),
(51, 'Bu. Hidayah', 2, 5, '2022-05-01 02:21:15', '2022-05-01 02:21:15'),
(52, 'lingga', 2, 6, '2022-05-01 02:23:42', '2022-05-01 02:23:42'),
(53, 'santo', 2, 6, '2022-05-01 02:24:25', '2022-05-01 02:24:25'),
(54, 'tuni', 2, 6, '2022-05-01 02:24:58', '2022-05-01 02:24:58'),
(55, 'katemin', 2, 6, '2022-05-01 02:25:33', '2022-05-01 02:25:33'),
(56, 'rifki', 2, 5, '2022-05-01 02:32:37', '2022-05-01 02:32:37'),
(57, 'P. Rohim', 1, 4, '2022-05-01 02:37:26', '2022-05-01 02:37:26'),
(58, 'prayet', 2, 5, '2022-05-01 02:39:05', '2022-05-01 02:39:05'),
(59, 'P. Gimun', 1, 4, '2022-05-01 02:40:53', '2022-05-01 02:40:53'),
(60, 'Bu. Hotijah', 1, 2, '2022-05-01 02:44:22', '2022-05-01 02:44:22'),
(61, 'P. Renold', 1, 4, '2022-05-01 02:44:54', '2022-05-01 02:44:54'),
(62, 'Donasi 1', 3, 8, '2022-05-01 02:44:59', '2022-05-01 02:44:59'),
(63, 'nainik', 2, 6, '2022-05-01 02:54:06', '2022-05-01 02:54:06'),
(64, 'P. Sutris', 2, 1, '2022-05-01 02:54:43', '2022-05-01 02:54:43'),
(65, 'P. Samsuri', 1, 2, '2022-05-01 02:55:26', '2022-05-01 02:55:26'),
(66, 'P. Nasir', 1, 2, '2022-05-01 02:55:54', '2022-05-01 02:55:54'),
(67, 'Rt 02 Rw 07', 2, 6, '2022-05-01 02:56:09', '2022-05-01 02:56:09'),
(68, 'su', 2, 6, '2022-05-01 02:58:06', '2022-05-01 02:58:06'),
(69, 'p. to sami', 1, 4, '2022-05-01 02:58:31', '2022-05-01 02:58:31'),
(70, 'budi', 2, 7, '2022-05-01 02:58:40', '2022-05-01 02:58:40'),
(71, 'sanding', 2, 5, '2022-05-01 02:59:13', '2022-05-01 02:59:13'),
(72, 'selamet', 2, 5, '2022-05-01 02:59:41', '2022-05-01 02:59:41'),
(73, 'paidik', 2, 5, '2022-05-01 03:02:23', '2022-05-01 03:02:23'),
(74, 'P.Yadi', 1, 1, '2022-05-01 03:04:13', '2022-05-01 03:04:13'),
(75, 'Bayu', 1, 2, '2022-05-01 03:05:15', '2022-05-01 03:05:15'),
(76, 'selamet', 1, 1, '2022-05-01 03:06:09', '2022-05-01 03:06:09'),
(77, 'fareh', 2, 5, '2022-05-01 03:11:28', '2022-05-01 03:11:28'),
(78, 'agus', 2, 5, '2022-05-01 03:31:59', '2022-05-01 03:31:59'),
(79, 'sadiono', 1, 3, '2022-05-01 03:43:51', '2022-05-01 03:43:51'),
(80, 'P. Rito', 1, 1, '2022-05-01 03:53:58', '2022-05-01 03:53:58'),
(81, 'saipul', 2, 5, '2022-05-01 03:54:30', '2022-05-01 03:54:30'),
(82, 'P. Lastari', 1, 1, '2022-05-01 03:54:30', '2022-05-01 03:54:30'),
(83, 'P. Timbul', 1, 1, '2022-05-01 03:54:58', '2022-05-01 03:54:58'),
(84, 'irwan', 1, 4, '2022-05-01 03:55:11', '2022-05-01 03:55:11'),
(85, 'P. Taufik', 1, 3, '2022-05-01 03:55:28', '2022-05-01 03:55:28'),
(86, 'jun', 2, 5, '2022-05-01 03:55:43', '2022-05-01 03:55:43'),
(87, 'P. Poniman', 1, 3, '2022-05-01 03:56:08', '2022-05-01 03:56:08'),
(88, 'busane', 1, 1, '2022-05-01 03:56:20', '2022-05-01 03:56:20'),
(89, 'rupa', 2, 5, '2022-05-01 03:56:50', '2022-05-01 03:56:50'),
(90, 'Bu. Sri', 1, 2, '2022-05-01 03:56:57', '2022-05-01 03:56:57'),
(91, 'anam', 2, 6, '2022-05-01 03:57:23', '2022-05-01 03:57:23'),
(92, 'P. Abdil', 1, 1, '2022-05-01 03:57:33', '2022-05-01 03:57:33'),
(93, 'P. Yono', 1, 2, '2022-05-01 03:57:57', '2022-05-01 03:57:57'),
(94, 'P. Untung', 1, 1, '2022-05-01 03:58:28', '2022-05-01 03:58:28'),
(95, 'dimas', 2, 5, '2022-05-01 03:58:45', '2022-05-01 03:58:45'),
(96, 'P. Yadi', 1, 4, '2022-05-01 03:59:52', '2022-05-01 03:59:52'),
(97, 'P. Edi', 1, 2, '2022-05-01 04:00:15', '2022-05-01 04:00:15'),
(98, 'sanusi', 2, 5, '2022-05-01 04:00:22', '2022-05-01 04:00:22'),
(99, 'Bu. Surati', 1, 2, '2022-05-01 04:00:47', '2022-05-01 04:00:47'),
(100, 'Bu. Sunarmi', 1, 2, '2022-05-01 04:01:25', '2022-05-01 04:01:25'),
(101, 'P. Mulyadi', 1, 3, '2022-05-01 04:03:16', '2022-05-01 04:03:16'),
(102, 'P. Basuki', 1, 3, '2022-05-01 04:03:48', '2022-05-01 04:03:48'),
(103, 'andi', 2, 6, '2022-05-01 04:05:15', '2022-05-01 04:05:15'),
(104, 'sodek', 2, 5, '2022-05-01 04:05:54', '2022-05-01 04:05:54'),
(105, 'P. Jainik', 1, 1, '2022-05-01 04:07:50', '2022-05-01 04:07:50'),
(106, 'adi', 2, 5, '2022-05-01 04:10:01', '2022-05-01 04:10:01'),
(107, 'P. Musairi', 1, 2, '2022-05-01 04:10:37', '2022-05-01 04:10:37'),
(108, 'luluk', 2, 5, '2022-05-01 04:12:11', '2022-05-01 04:12:11'),
(109, 'Ustd. Hairul', 1, 4, '2022-05-01 04:15:46', '2022-05-01 04:15:46'),
(110, 'P. Riyon', 1, 3, '2022-05-01 04:16:16', '2022-05-01 04:16:16'),
(111, 'heri', 2, 5, '2022-05-01 04:21:11', '2022-05-01 04:21:11'),
(112, 'suhartono', 2, 5, '2022-05-01 04:21:56', '2022-05-01 04:21:56'),
(113, 'nanang', 2, 5, '2022-05-01 04:22:48', '2022-05-01 04:22:48'),
(114, 'P. Rt', 1, 2, '2022-05-01 04:23:06', '2022-05-01 04:23:06'),
(115, 'P. Harun', 1, 3, '2022-05-01 04:27:55', '2022-05-01 04:27:55'),
(116, 'P. Handi', 1, 3, '2022-05-01 04:28:35', '2022-05-01 04:28:35'),
(117, 'P. Hasan', 1, 4, '2022-05-01 04:29:01', '2022-05-01 04:29:01'),
(118, 'P. Heri', 1, 3, '2022-05-01 04:29:52', '2022-05-01 04:29:52'),
(119, 'P. Sapi\'i', 2, 6, '2022-05-01 04:35:46', '2022-05-01 04:35:46'),
(120, 'giyok', 2, 5, '2022-05-01 04:37:17', '2022-05-01 04:37:17'),
(122, 'P. Mamad', 1, 3, '2022-05-01 04:55:38', '2022-05-01 04:55:38'),
(123, 'P. Salawi', 2, 7, '2022-05-01 04:57:26', '2022-05-01 04:57:26'),
(124, 'P. Wo', 1, 3, '2022-05-01 04:57:56', '2022-05-01 04:57:56'),
(125, 'P. Yudi', 1, 2, '2022-05-01 04:59:07', '2022-05-01 04:59:07'),
(126, 'taufik', 2, 5, '2022-05-01 04:59:36', '2022-05-01 04:59:36'),
(127, 'P. Winarto', 1, 3, '2022-05-01 04:59:46', '2022-05-01 04:59:46'),
(128, 'P. Smito', 1, 2, '2022-05-01 05:01:06', '2022-05-01 05:01:06'),
(129, 'hari', 2, 5, '2022-05-01 05:03:34', '2022-05-01 05:03:34'),
(130, 'P. Mahali', 1, 2, '2022-05-01 05:05:11', '2022-05-01 05:05:11'),
(131, 'ragil', 2, 6, '2022-05-01 05:05:18', '2022-05-01 05:05:18'),
(132, 'P. Suyono', 1, 2, '2022-05-01 05:05:38', '2022-05-01 05:05:38'),
(133, 'yuli', 1, 1, '2022-05-01 05:06:26', '2022-05-01 05:06:26'),
(135, 'P. Lukman', 1, 1, '2022-05-01 05:08:18', '2022-05-01 05:08:18'),
(136, 'fikri', 2, 5, '2022-05-01 05:08:33', '2022-05-01 05:08:33'),
(137, 'H. Muhidin', 1, 1, '2022-05-01 05:08:53', '2022-05-01 05:08:53'),
(138, 'P. Yoyo', 1, 1, '2022-05-01 05:10:00', '2022-05-01 05:10:00'),
(139, 'P. Matabur', 1, 4, '2022-05-01 05:10:29', '2022-05-01 05:10:29'),
(140, 'P. Saiful', 1, 4, '2022-05-01 05:11:58', '2022-05-01 05:11:58'),
(141, 'P. Heri', 1, 2, '2022-05-01 05:12:24', '2022-05-01 05:12:24'),
(142, 'P. Sam', 1, 2, '2022-05-01 05:14:00', '2022-05-01 05:14:00'),
(143, 'P. Holis', 1, 1, '2022-05-01 05:16:08', '2022-05-01 05:16:08'),
(144, 'habit', 2, 5, '2022-05-01 05:18:51', '2022-05-01 05:18:51'),
(145, 'P. Rohman', 1, 5, '2022-05-01 05:21:42', '2022-05-01 05:21:42'),
(146, 'mak janah', 2, 6, '2022-05-01 05:22:28', '2022-05-01 05:22:28'),
(147, 'P. Saiful', 1, 1, '2022-05-01 05:22:59', '2022-05-01 05:22:59'),
(148, 'P. Yanto', 1, 3, '2022-05-01 05:28:00', '2022-05-01 05:28:00'),
(149, 'P. Fauzi', 2, 5, '2022-05-01 05:29:27', '2022-05-01 05:29:27'),
(150, 'P. Sutrisno', 1, 2, '2022-05-01 05:32:25', '2022-05-01 05:32:25'),
(151, 'P. Nur', 1, 4, '2022-05-01 05:32:50', '2022-05-01 05:32:50'),
(152, 'saniman', 2, 5, '2022-05-01 05:33:47', '2022-05-01 05:33:47'),
(153, 'P. Heri', 1, 4, '2022-05-01 05:34:43', '2022-05-01 05:34:43'),
(154, 'P. Prayit', 1, 2, '2022-05-01 05:35:32', '2022-05-01 05:35:32'),
(155, 'P. Suwarik', 1, 1, '2022-05-01 05:38:20', '2022-05-01 05:38:20'),
(156, 'P.Harsoo', 1, 1, '2022-05-01 05:39:14', '2022-05-01 05:39:14'),
(157, 'Dendi', 1, 3, '2022-05-01 05:40:05', '2022-05-01 05:40:05'),
(158, 'Rama', 1, 3, '2022-05-01 05:40:35', '2022-05-01 05:40:35'),
(159, 'B.Nur', 1, 3, '2022-05-01 05:41:53', '2022-05-01 05:41:53'),
(160, 'Luput hitung', 3, 8, '2022-05-01 05:48:49', '2022-05-01 05:48:49'),
(161, 'wagiyok', 2, 5, '2022-05-01 05:52:13', '2022-05-01 05:52:13'),
(162, 'Andre', 1, 4, '2022-05-01 05:59:36', '2022-05-01 05:59:36');

-- --------------------------------------------------------

--
-- Table structure for table `personal_access_tokens`
--

CREATE TABLE `personal_access_tokens` (
  `id` bigint(20) UNSIGNED NOT NULL,
  `tokenable_type` varchar(255) COLLATE utf8mb4_unicode_ci NOT NULL,
  `tokenable_id` bigint(20) UNSIGNED NOT NULL,
  `name` varchar(255) COLLATE utf8mb4_unicode_ci NOT NULL,
  `token` varchar(64) COLLATE utf8mb4_unicode_ci NOT NULL,
  `abilities` text COLLATE utf8mb4_unicode_ci DEFAULT NULL,
  `last_used_at` timestamp NULL DEFAULT NULL,
  `created_at` timestamp NULL DEFAULT NULL,
  `updated_at` timestamp NULL DEFAULT NULL
) ENGINE=InnoDB DEFAULT CHARSET=utf8mb4 COLLATE=utf8mb4_unicode_ci;

-- --------------------------------------------------------

--
-- Table structure for table `rts`
--

CREATE TABLE `rts` (
  `id` int(10) UNSIGNED NOT NULL,
  `name` varchar(255) COLLATE utf8mb4_unicode_ci NOT NULL,
  `rw_id` int(10) UNSIGNED NOT NULL,
  `created_at` timestamp NULL DEFAULT NULL,
  `updated_at` timestamp NULL DEFAULT NULL
) ENGINE=InnoDB DEFAULT CHARSET=utf8mb4 COLLATE=utf8mb4_unicode_ci;

--
-- Dumping data for table `rts`
--

INSERT INTO `rts` (`id`, `name`, `rw_id`, `created_at`, `updated_at`) VALUES
(1, '01', 1, '2022-04-30 23:38:50', '2022-04-30 23:38:50'),
(2, '02', 1, '2022-04-30 23:38:53', '2022-04-30 23:38:53'),
(3, '03', 1, '2022-04-30 23:38:58', '2022-04-30 23:38:58'),
(4, '04', 1, '2022-04-30 23:39:03', '2022-04-30 23:39:03'),
(5, '01', 2, '2022-04-30 23:39:55', '2022-04-30 23:39:55'),
(6, '02', 2, '2022-04-30 23:39:58', '2022-04-30 23:39:58'),
(7, '03', 2, '2022-04-30 23:40:01', '2022-04-30 23:40:01'),
(8, '01', 3, '2022-05-01 02:44:37', '2022-05-01 02:44:37');

-- --------------------------------------------------------

--
-- Table structure for table `rws`
--

CREATE TABLE `rws` (
  `id` int(10) UNSIGNED NOT NULL,
  `name` varchar(255) COLLATE utf8mb4_unicode_ci NOT NULL,
  `created_at` timestamp NULL DEFAULT NULL,
  `updated_at` timestamp NULL DEFAULT NULL
) ENGINE=InnoDB DEFAULT CHARSET=utf8mb4 COLLATE=utf8mb4_unicode_ci;

--
-- Dumping data for table `rws`
--

INSERT INTO `rws` (`id`, `name`, `created_at`, `updated_at`) VALUES
(1, '05', '2022-04-30 23:38:37', '2022-04-30 23:38:37'),
(2, '07', '2022-04-30 23:38:41', '2022-04-30 23:38:41'),
(3, '01', '2022-05-01 02:44:24', '2022-05-01 02:44:24');

-- --------------------------------------------------------

--
-- Table structure for table `satuan_zakats`
--

CREATE TABLE `satuan_zakats` (
  `id` int(10) UNSIGNED NOT NULL,
  `name` varchar(255) COLLATE utf8mb4_unicode_ci NOT NULL,
  `kilo` double(8,2) NOT NULL,
  `is_primary` tinyint(1) NOT NULL DEFAULT 0,
  `created_at` timestamp NULL DEFAULT NULL,
  `updated_at` timestamp NULL DEFAULT NULL
) ENGINE=InnoDB DEFAULT CHARSET=utf8mb4 COLLATE=utf8mb4_unicode_ci;

--
-- Dumping data for table `satuan_zakats`
--

INSERT INTO `satuan_zakats` (`id`, `name`, `kilo`, `is_primary`, `created_at`, `updated_at`) VALUES
(1, 'Bungkus', 2.50, 1, '2022-04-30 23:40:18', '2022-04-30 23:40:18');

-- --------------------------------------------------------

--
-- Table structure for table `users`
--

CREATE TABLE `users` (
  `id` int(10) UNSIGNED NOT NULL,
  `name` varchar(255) COLLATE utf8mb4_unicode_ci NOT NULL,
  `email` varchar(255) COLLATE utf8mb4_unicode_ci NOT NULL,
  `email_verified_at` timestamp NULL DEFAULT NULL,
  `password` varchar(255) COLLATE utf8mb4_unicode_ci NOT NULL,
  `type` enum('kasir','admin') COLLATE utf8mb4_unicode_ci NOT NULL,
  `remember_token` varchar(100) COLLATE utf8mb4_unicode_ci DEFAULT NULL,
  `created_at` timestamp NULL DEFAULT NULL,
  `updated_at` timestamp NULL DEFAULT NULL
) ENGINE=InnoDB DEFAULT CHARSET=utf8mb4 COLLATE=utf8mb4_unicode_ci;

--
-- Dumping data for table `users`
--

INSERT INTO `users` (`id`, `name`, `email`, `email_verified_at`, `password`, `type`, `remember_token`, `created_at`, `updated_at`) VALUES
(1, 'admin', 'admin@gmail.com', NULL, '$2y$10$iRyNxQq2oduPzzJ9dVJdv.M9mAU3RR5uFrUWQfkOq1EEwCyjRrYyq', 'admin', NULL, NULL, NULL);

-- --------------------------------------------------------

--
-- Table structure for table `zakats`
--

CREATE TABLE `zakats` (
  `id` int(10) UNSIGNED NOT NULL,
  `amount` int(11) NOT NULL,
  `type` enum('Donasi','Fitrah') COLLATE utf8mb4_unicode_ci NOT NULL,
  `people_id` int(10) UNSIGNED NOT NULL,
  `amount_type_id` int(10) UNSIGNED NOT NULL,
  `created_at` timestamp NULL DEFAULT NULL,
  `updated_at` timestamp NULL DEFAULT NULL
) ENGINE=InnoDB DEFAULT CHARSET=utf8mb4 COLLATE=utf8mb4_unicode_ci;

--
-- Dumping data for table `zakats`
--

INSERT INTO `zakats` (`id`, `amount`, `type`, `people_id`, `amount_type_id`, `created_at`, `updated_at`) VALUES
(1, 4, 'Fitrah', 1, 1, '2022-05-01 01:10:07', '2022-05-01 01:10:07'),
(2, 2, 'Fitrah', 2, 1, '2022-05-01 01:10:27', '2022-05-01 01:10:27'),
(3, 2, 'Fitrah', 3, 1, '2022-05-01 01:10:43', '2022-05-01 01:10:43'),
(4, 4, 'Fitrah', 4, 1, '2022-05-01 01:11:16', '2022-05-01 01:11:16'),
(5, 6, 'Fitrah', 5, 1, '2022-05-01 01:12:07', '2022-05-01 01:12:07'),
(6, 4, 'Fitrah', 6, 1, '2022-05-01 01:12:36', '2022-05-01 01:12:36'),
(7, 4, 'Fitrah', 7, 1, '2022-05-01 01:13:00', '2022-05-01 01:13:00'),
(8, 1, 'Fitrah', 8, 1, '2022-05-01 01:13:16', '2022-05-01 01:13:16'),
(9, 1, 'Fitrah', 9, 1, '2022-05-01 01:13:29', '2022-05-01 01:13:29'),
(10, 4, 'Fitrah', 10, 1, '2022-05-01 01:14:53', '2022-05-01 01:14:53'),
(11, 2, 'Fitrah', 11, 1, '2022-05-01 01:15:07', '2022-05-01 01:15:07'),
(12, 2, 'Fitrah', 12, 1, '2022-05-01 01:23:57', '2022-05-01 01:23:57'),
(13, 10, 'Fitrah', 13, 1, '2022-05-01 01:25:11', '2022-05-01 01:25:11'),
(14, 4, 'Fitrah', 14, 1, '2022-05-01 01:34:07', '2022-05-01 01:34:07'),
(15, 3, 'Fitrah', 15, 1, '2022-05-01 01:34:30', '2022-05-01 01:34:30'),
(16, 2, 'Fitrah', 16, 1, '2022-05-01 01:35:03', '2022-05-01 01:35:03'),
(18, 4, 'Fitrah', 18, 1, '2022-05-01 01:35:36', '2022-05-01 01:35:36'),
(19, 1, 'Fitrah', 19, 1, '2022-05-01 01:35:58', '2022-05-01 01:35:58'),
(20, 3, 'Fitrah', 20, 1, '2022-05-01 01:36:16', '2022-05-01 01:36:16'),
(21, 7, 'Fitrah', 21, 1, '2022-05-01 01:36:40', '2022-05-01 01:36:40'),
(22, 5, 'Fitrah', 22, 1, '2022-05-01 01:39:44', '2022-05-01 01:39:44'),
(23, 2, 'Fitrah', 23, 1, '2022-05-01 01:45:41', '2022-05-01 01:45:41'),
(24, 4, 'Fitrah', 24, 1, '2022-05-01 01:46:32', '2022-05-01 01:46:32'),
(25, 1, 'Fitrah', 25, 1, '2022-05-01 01:47:21', '2022-05-01 01:47:21'),
(27, 49, 'Fitrah', 27, 1, '2022-05-01 01:50:45', '2022-05-01 01:50:45'),
(28, 3, 'Fitrah', 26, 1, '2022-05-01 01:53:33', '2022-05-01 01:53:33'),
(29, 3, 'Fitrah', 28, 1, '2022-05-01 01:56:17', '2022-05-01 01:56:17'),
(30, 4, 'Fitrah', 29, 1, '2022-05-01 01:58:50', '2022-05-01 01:58:50'),
(31, 4, 'Fitrah', 30, 1, '2022-05-01 01:59:15', '2022-05-01 01:59:15'),
(33, 2, 'Fitrah', 32, 1, '2022-05-01 02:01:46', '2022-05-01 02:01:46'),
(34, 11, 'Fitrah', 33, 1, '2022-05-01 02:02:56', '2022-05-01 02:02:56'),
(35, 8, 'Fitrah', 34, 1, '2022-05-01 02:03:11', '2022-05-01 02:03:11'),
(36, 3, 'Fitrah', 35, 1, '2022-05-01 02:04:01', '2022-05-01 02:04:01'),
(37, 2, 'Fitrah', 36, 1, '2022-05-01 02:04:37', '2022-05-01 02:04:37'),
(38, 7, 'Fitrah', 37, 1, '2022-05-01 02:06:54', '2022-05-01 02:06:54'),
(39, 2, 'Fitrah', 38, 1, '2022-05-01 02:08:37', '2022-05-01 02:08:37'),
(40, 2, 'Fitrah', 39, 1, '2022-05-01 02:09:15', '2022-05-01 02:09:15'),
(41, 4, 'Fitrah', 40, 1, '2022-05-01 02:10:06', '2022-05-01 02:10:06'),
(42, 3, 'Fitrah', 41, 1, '2022-05-01 02:12:39', '2022-05-01 02:12:39'),
(43, 5, 'Fitrah', 42, 1, '2022-05-01 02:13:15', '2022-05-01 02:13:15'),
(44, 3, 'Fitrah', 43, 1, '2022-05-01 02:14:14', '2022-05-01 02:14:14'),
(45, 1, 'Fitrah', 44, 1, '2022-05-01 02:14:39', '2022-05-01 02:14:39'),
(46, 4, 'Fitrah', 45, 1, '2022-05-01 02:15:10', '2022-05-01 02:15:10'),
(47, 5, 'Fitrah', 46, 1, '2022-05-01 02:15:59', '2022-05-01 02:15:59'),
(48, 3, 'Fitrah', 47, 1, '2022-05-01 02:16:06', '2022-05-01 02:16:06'),
(49, 2, 'Fitrah', 48, 1, '2022-05-01 02:16:41', '2022-05-01 02:16:41'),
(50, 2, 'Fitrah', 49, 1, '2022-05-01 02:20:43', '2022-05-01 02:20:43'),
(51, 2, 'Fitrah', 50, 1, '2022-05-01 02:20:56', '2022-05-01 02:20:56'),
(52, 4, 'Fitrah', 51, 1, '2022-05-01 02:21:15', '2022-05-01 02:21:15'),
(53, 3, 'Fitrah', 52, 1, '2022-05-01 02:23:42', '2022-05-01 02:23:42'),
(54, 3, 'Fitrah', 53, 1, '2022-05-01 02:24:25', '2022-05-01 02:24:25'),
(55, 4, 'Fitrah', 54, 1, '2022-05-01 02:24:58', '2022-05-01 02:24:58'),
(56, 2, 'Fitrah', 55, 1, '2022-05-01 02:25:33', '2022-05-01 02:25:33'),
(57, 1, 'Fitrah', 56, 1, '2022-05-01 02:32:37', '2022-05-01 02:32:37'),
(58, 2, 'Fitrah', 57, 1, '2022-05-01 02:37:26', '2022-05-01 02:37:26'),
(59, 3, 'Fitrah', 58, 1, '2022-05-01 02:39:05', '2022-05-01 02:39:05'),
(60, 3, 'Fitrah', 59, 1, '2022-05-01 02:40:53', '2022-05-01 02:40:53'),
(62, 3, 'Fitrah', 61, 1, '2022-05-01 02:44:54', '2022-05-01 02:44:54'),
(63, 92, 'Donasi', 62, 1, '2022-05-01 02:44:59', '2022-05-01 02:44:59'),
(65, 3, 'Fitrah', 64, 1, '2022-05-01 02:54:43', '2022-05-01 02:54:43'),
(66, 2, 'Fitrah', 65, 1, '2022-05-01 02:55:26', '2022-05-01 02:55:26'),
(67, 3, 'Fitrah', 66, 1, '2022-05-01 02:55:54', '2022-05-01 02:55:54'),
(68, 51, 'Fitrah', 67, 1, '2022-05-01 02:56:09', '2022-05-01 02:56:09'),
(69, 2, 'Fitrah', 68, 1, '2022-05-01 02:58:06', '2022-05-01 02:58:06'),
(70, 3, 'Fitrah', 69, 1, '2022-05-01 02:58:31', '2022-05-01 02:58:31'),
(71, 4, 'Fitrah', 70, 1, '2022-05-01 02:58:40', '2022-05-01 02:58:40'),
(72, 3, 'Fitrah', 71, 1, '2022-05-01 02:59:14', '2022-05-01 02:59:14'),
(73, 6, 'Fitrah', 72, 1, '2022-05-01 02:59:41', '2022-05-01 02:59:41'),
(74, 2, 'Fitrah', 73, 1, '2022-05-01 03:02:23', '2022-05-01 03:02:23'),
(75, 3, 'Fitrah', 74, 1, '2022-05-01 03:04:13', '2022-05-01 03:04:13'),
(76, 3, 'Fitrah', 75, 1, '2022-05-01 03:05:15', '2022-05-01 03:05:15'),
(77, 3, 'Fitrah', 76, 1, '2022-05-01 03:06:09', '2022-05-01 03:06:09'),
(78, 3, 'Fitrah', 77, 1, '2022-05-01 03:11:28', '2022-05-01 03:11:28'),
(79, 4, 'Fitrah', 78, 1, '2022-05-01 03:31:59', '2022-05-01 03:31:59'),
(80, 2, 'Fitrah', 79, 1, '2022-05-01 03:43:51', '2022-05-01 03:43:51'),
(81, 3, 'Fitrah', 72, 1, '2022-05-01 03:53:55', '2022-05-01 03:53:55'),
(82, 6, 'Fitrah', 80, 1, '2022-05-01 03:53:58', '2022-05-01 03:53:58'),
(83, 3, 'Fitrah', 81, 1, '2022-05-01 03:54:30', '2022-05-01 03:54:30'),
(84, 2, 'Fitrah', 82, 1, '2022-05-01 03:54:30', '2022-05-01 03:54:30'),
(85, 3, 'Fitrah', 83, 1, '2022-05-01 03:54:58', '2022-05-01 03:54:58'),
(86, 3, 'Fitrah', 84, 1, '2022-05-01 03:55:11', '2022-05-01 03:55:11'),
(87, 2, 'Fitrah', 85, 1, '2022-05-01 03:55:28', '2022-05-01 03:55:28'),
(88, 4, 'Fitrah', 86, 1, '2022-05-01 03:55:43', '2022-05-01 03:55:43'),
(89, 3, 'Fitrah', 87, 1, '2022-05-01 03:56:08', '2022-05-01 03:56:08'),
(90, 3, 'Fitrah', 88, 1, '2022-05-01 03:56:20', '2022-05-01 03:56:20'),
(91, 4, 'Fitrah', 89, 1, '2022-05-01 03:56:50', '2022-05-01 03:56:50'),
(92, 3, 'Fitrah', 90, 1, '2022-05-01 03:56:57', '2022-05-01 03:56:57'),
(93, 4, 'Fitrah', 91, 1, '2022-05-01 03:57:23', '2022-05-01 03:57:23'),
(94, 2, 'Fitrah', 92, 1, '2022-05-01 03:57:33', '2022-05-01 03:57:33'),
(95, 3, 'Fitrah', 93, 1, '2022-05-01 03:57:57', '2022-05-01 03:57:57'),
(96, 2, 'Fitrah', 94, 1, '2022-05-01 03:58:28', '2022-05-01 03:58:28'),
(97, 1, 'Fitrah', 95, 1, '2022-05-01 03:58:45', '2022-05-01 03:58:45'),
(98, 2, 'Fitrah', 96, 1, '2022-05-01 03:59:52', '2022-05-01 03:59:52'),
(99, 2, 'Fitrah', 97, 1, '2022-05-01 04:00:15', '2022-05-01 04:00:15'),
(100, 2, 'Fitrah', 98, 1, '2022-05-01 04:00:22', '2022-05-01 04:00:22'),
(101, 1, 'Fitrah', 99, 1, '2022-05-01 04:00:47', '2022-05-01 04:00:47'),
(102, 1, 'Fitrah', 100, 1, '2022-05-01 04:01:25', '2022-05-01 04:01:25'),
(103, 2, 'Fitrah', 101, 1, '2022-05-01 04:03:16', '2022-05-01 04:03:16'),
(104, 3, 'Fitrah', 102, 1, '2022-05-01 04:03:48', '2022-05-01 04:03:48'),
(105, 3, 'Fitrah', 103, 1, '2022-05-01 04:05:15', '2022-05-01 04:05:15'),
(106, 2, 'Fitrah', 104, 1, '2022-05-01 04:05:54', '2022-05-01 04:05:54'),
(107, 5, 'Fitrah', 105, 1, '2022-05-01 04:07:50', '2022-05-01 04:07:50'),
(108, 2, 'Fitrah', 106, 1, '2022-05-01 04:10:01', '2022-05-01 04:10:01'),
(109, 2, 'Fitrah', 107, 1, '2022-05-01 04:10:37', '2022-05-01 04:10:37'),
(110, 2, 'Fitrah', 108, 1, '2022-05-01 04:12:11', '2022-05-01 04:12:11'),
(111, 1, 'Fitrah', 41, 1, '2022-05-01 04:15:18', '2022-05-01 04:15:18'),
(112, 3, 'Fitrah', 109, 1, '2022-05-01 04:15:46', '2022-05-01 04:15:46'),
(113, 5, 'Fitrah', 110, 1, '2022-05-01 04:16:16', '2022-05-01 04:16:16'),
(114, 2, 'Fitrah', 111, 1, '2022-05-01 04:21:11', '2022-05-01 04:21:11'),
(115, 2, 'Fitrah', 112, 1, '2022-05-01 04:21:56', '2022-05-01 04:21:56'),
(116, 3, 'Fitrah', 113, 1, '2022-05-01 04:22:48', '2022-05-01 04:22:48'),
(117, 4, 'Fitrah', 114, 1, '2022-05-01 04:23:06', '2022-05-01 04:23:06'),
(118, 2, 'Fitrah', 115, 1, '2022-05-01 04:27:55', '2022-05-01 04:27:55'),
(119, 3, 'Fitrah', 116, 1, '2022-05-01 04:28:35', '2022-05-01 04:28:35'),
(120, 4, 'Fitrah', 117, 1, '2022-05-01 04:29:01', '2022-05-01 04:29:01'),
(121, 1, 'Fitrah', 118, 1, '2022-05-01 04:29:52', '2022-05-01 04:29:52'),
(122, 4, 'Fitrah', 60, 1, '2022-05-01 04:33:06', '2022-05-01 04:33:06'),
(123, 1, 'Fitrah', 119, 1, '2022-05-01 04:35:46', '2022-05-01 04:35:46'),
(124, 3, 'Fitrah', 120, 1, '2022-05-01 04:37:17', '2022-05-01 04:37:17'),
(126, 4, 'Fitrah', 122, 1, '2022-05-01 04:55:38', '2022-05-01 04:55:38'),
(127, 2, 'Fitrah', 123, 1, '2022-05-01 04:57:26', '2022-05-01 04:57:26'),
(128, 2, 'Fitrah', 124, 1, '2022-05-01 04:57:56', '2022-05-01 04:57:56'),
(129, 4, 'Fitrah', 125, 1, '2022-05-01 04:59:07', '2022-05-01 04:59:07'),
(130, 2, 'Fitrah', 126, 1, '2022-05-01 04:59:36', '2022-05-01 04:59:36'),
(131, 3, 'Fitrah', 127, 1, '2022-05-01 04:59:46', '2022-05-01 04:59:46'),
(132, 3, 'Fitrah', 128, 1, '2022-05-01 05:01:06', '2022-05-01 05:01:06'),
(133, 1, 'Fitrah', 129, 1, '2022-05-01 05:03:34', '2022-05-01 05:03:34'),
(134, 3, 'Fitrah', 130, 1, '2022-05-01 05:05:11', '2022-05-01 05:05:11'),
(135, 2, 'Fitrah', 131, 1, '2022-05-01 05:05:18', '2022-05-01 05:05:18'),
(136, 3, 'Fitrah', 132, 1, '2022-05-01 05:05:38', '2022-05-01 05:05:38'),
(137, 2, 'Fitrah', 133, 1, '2022-05-01 05:06:26', '2022-05-01 05:06:26'),
(139, 4, 'Fitrah', 135, 1, '2022-05-01 05:08:18', '2022-05-01 05:08:18'),
(140, 1, 'Fitrah', 136, 1, '2022-05-01 05:08:33', '2022-05-01 05:08:33'),
(141, 3, 'Fitrah', 137, 1, '2022-05-01 05:08:53', '2022-05-01 05:08:53'),
(142, 3, 'Fitrah', 138, 1, '2022-05-01 05:10:00', '2022-05-01 05:10:00'),
(143, 4, 'Fitrah', 139, 1, '2022-05-01 05:10:29', '2022-05-01 05:10:29'),
(144, 3, 'Fitrah', 140, 1, '2022-05-01 05:11:58', '2022-05-01 05:11:58'),
(145, 3, 'Fitrah', 141, 1, '2022-05-01 05:12:24', '2022-05-01 05:12:24'),
(146, 2, 'Fitrah', 142, 1, '2022-05-01 05:14:00', '2022-05-01 05:14:00'),
(147, 3, 'Fitrah', 143, 1, '2022-05-01 05:16:08', '2022-05-01 05:16:08'),
(148, 3, 'Fitrah', 144, 1, '2022-05-01 05:18:51', '2022-05-01 05:18:51'),
(149, 1, 'Fitrah', 145, 1, '2022-05-01 05:21:42', '2022-05-01 05:21:42'),
(150, 3, 'Fitrah', 146, 1, '2022-05-01 05:22:28', '2022-05-01 05:22:28'),
(151, 4, 'Fitrah', 147, 1, '2022-05-01 05:22:59', '2022-05-01 05:22:59'),
(152, 2, 'Fitrah', 148, 1, '2022-05-01 05:28:00', '2022-05-01 05:28:00'),
(153, 2, 'Fitrah', 149, 1, '2022-05-01 05:29:27', '2022-05-01 05:29:27'),
(154, 3, 'Fitrah', 150, 1, '2022-05-01 05:32:25', '2022-05-01 05:32:25'),
(155, 6, 'Fitrah', 151, 1, '2022-05-01 05:32:50', '2022-05-01 05:32:50'),
(156, 5, 'Fitrah', 152, 1, '2022-05-01 05:33:47', '2022-05-01 05:33:47'),
(157, 6, 'Fitrah', 153, 1, '2022-05-01 05:34:43', '2022-05-01 05:34:43'),
(159, 2, 'Fitrah', 155, 1, '2022-05-01 05:38:20', '2022-05-01 05:38:20'),
(160, 4, 'Fitrah', 156, 1, '2022-05-01 05:39:14', '2022-05-01 05:39:14'),
(161, 1, 'Fitrah', 157, 1, '2022-05-01 05:40:05', '2022-05-01 05:40:05'),
(162, 3, 'Fitrah', 158, 1, '2022-05-01 05:40:35', '2022-05-01 05:40:35'),
(163, 3, 'Fitrah', 159, 1, '2022-05-01 05:41:53', '2022-05-01 05:41:53'),
(164, 7, 'Fitrah', 154, 1, '2022-05-01 05:43:56', '2022-05-01 05:43:56'),
(165, 15, 'Fitrah', 160, 1, '2022-05-01 05:48:49', '2022-05-01 05:48:49'),
(166, 2, 'Fitrah', 161, 1, '2022-05-01 05:52:13', '2022-05-01 05:52:13'),
(167, 1, 'Fitrah', 162, 1, '2022-05-01 05:59:36', '2022-05-01 05:59:36');

--
-- Indexes for dumped tables
--

--
-- Indexes for table `amils`
--
ALTER TABLE `amils`
  ADD PRIMARY KEY (`id`);

--
-- Indexes for table `failed_jobs`
--
ALTER TABLE `failed_jobs`
  ADD PRIMARY KEY (`id`),
  ADD UNIQUE KEY `failed_jobs_uuid_unique` (`uuid`);

--
-- Indexes for table `migrations`
--
ALTER TABLE `migrations`
  ADD PRIMARY KEY (`id`);

--
-- Indexes for table `mustahiks`
--
ALTER TABLE `mustahiks`
  ADD PRIMARY KEY (`id`),
  ADD KEY `mustahiks_rt_id_foreign` (`rt_id`),
  ADD KEY `mustahiks_rw_id_foreign` (`rw_id`),
  ADD KEY `mustahiks_mustahik_type_id_foreign` (`mustahik_type_id`),
  ADD KEY `mustahiks_mustahik_status_id_foreign` (`mustahik_status_id`);

--
-- Indexes for table `mustahik_statuses`
--
ALTER TABLE `mustahik_statuses`
  ADD PRIMARY KEY (`id`);

--
-- Indexes for table `mustahik_types`
--
ALTER TABLE `mustahik_types`
  ADD PRIMARY KEY (`id`);

--
-- Indexes for table `password_resets`
--
ALTER TABLE `password_resets`
  ADD KEY `password_resets_email_index` (`email`);

--
-- Indexes for table `people`
--
ALTER TABLE `people`
  ADD PRIMARY KEY (`id`),
  ADD KEY `people_rw_id_foreign` (`rw_id`),
  ADD KEY `people_rt_id_foreign` (`rt_id`);

--
-- Indexes for table `personal_access_tokens`
--
ALTER TABLE `personal_access_tokens`
  ADD PRIMARY KEY (`id`),
  ADD UNIQUE KEY `personal_access_tokens_token_unique` (`token`),
  ADD KEY `personal_access_tokens_tokenable_type_tokenable_id_index` (`tokenable_type`,`tokenable_id`);

--
-- Indexes for table `rts`
--
ALTER TABLE `rts`
  ADD PRIMARY KEY (`id`),
  ADD KEY `rts_rw_id_foreign` (`rw_id`);

--
-- Indexes for table `rws`
--
ALTER TABLE `rws`
  ADD PRIMARY KEY (`id`);

--
-- Indexes for table `satuan_zakats`
--
ALTER TABLE `satuan_zakats`
  ADD PRIMARY KEY (`id`);

--
-- Indexes for table `users`
--
ALTER TABLE `users`
  ADD PRIMARY KEY (`id`),
  ADD UNIQUE KEY `users_email_unique` (`email`);

--
-- Indexes for table `zakats`
--
ALTER TABLE `zakats`
  ADD PRIMARY KEY (`id`),
  ADD KEY `zakats_people_id_foreign` (`people_id`),
  ADD KEY `zakats_amount_type_id_foreign` (`amount_type_id`);

--
-- AUTO_INCREMENT for dumped tables
--

--
-- AUTO_INCREMENT for table `amils`
--
ALTER TABLE `amils`
  MODIFY `id` int(10) UNSIGNED NOT NULL AUTO_INCREMENT, AUTO_INCREMENT=2;

--
-- AUTO_INCREMENT for table `failed_jobs`
--
ALTER TABLE `failed_jobs`
  MODIFY `id` int(10) UNSIGNED NOT NULL AUTO_INCREMENT;

--
-- AUTO_INCREMENT for table `migrations`
--
ALTER TABLE `migrations`
  MODIFY `id` int(10) UNSIGNED NOT NULL AUTO_INCREMENT, AUTO_INCREMENT=14;

--
-- AUTO_INCREMENT for table `mustahiks`
--
ALTER TABLE `mustahiks`
  MODIFY `id` int(10) UNSIGNED NOT NULL AUTO_INCREMENT, AUTO_INCREMENT=115;

--
-- AUTO_INCREMENT for table `mustahik_statuses`
--
ALTER TABLE `mustahik_statuses`
  MODIFY `id` int(10) UNSIGNED NOT NULL AUTO_INCREMENT, AUTO_INCREMENT=5;

--
-- AUTO_INCREMENT for table `mustahik_types`
--
ALTER TABLE `mustahik_types`
  MODIFY `id` int(10) UNSIGNED NOT NULL AUTO_INCREMENT, AUTO_INCREMENT=8;

--
-- AUTO_INCREMENT for table `people`
--
ALTER TABLE `people`
  MODIFY `id` int(10) UNSIGNED NOT NULL AUTO_INCREMENT, AUTO_INCREMENT=163;

--
-- AUTO_INCREMENT for table `personal_access_tokens`
--
ALTER TABLE `personal_access_tokens`
  MODIFY `id` bigint(20) UNSIGNED NOT NULL AUTO_INCREMENT;

--
-- AUTO_INCREMENT for table `rts`
--
ALTER TABLE `rts`
  MODIFY `id` int(10) UNSIGNED NOT NULL AUTO_INCREMENT, AUTO_INCREMENT=9;

--
-- AUTO_INCREMENT for table `rws`
--
ALTER TABLE `rws`
  MODIFY `id` int(10) UNSIGNED NOT NULL AUTO_INCREMENT, AUTO_INCREMENT=4;

--
-- AUTO_INCREMENT for table `satuan_zakats`
--
ALTER TABLE `satuan_zakats`
  MODIFY `id` int(10) UNSIGNED NOT NULL AUTO_INCREMENT, AUTO_INCREMENT=2;

--
-- AUTO_INCREMENT for table `users`
--
ALTER TABLE `users`
  MODIFY `id` int(10) UNSIGNED NOT NULL AUTO_INCREMENT, AUTO_INCREMENT=2;

--
-- AUTO_INCREMENT for table `zakats`
--
ALTER TABLE `zakats`
  MODIFY `id` int(10) UNSIGNED NOT NULL AUTO_INCREMENT, AUTO_INCREMENT=168;

--
-- Constraints for dumped tables
--

--
-- Constraints for table `mustahiks`
--
ALTER TABLE `mustahiks`
  ADD CONSTRAINT `mustahiks_mustahik_status_id_foreign` FOREIGN KEY (`mustahik_status_id`) REFERENCES `mustahik_statuses` (`id`) ON DELETE CASCADE ON UPDATE CASCADE,
  ADD CONSTRAINT `mustahiks_mustahik_type_id_foreign` FOREIGN KEY (`mustahik_type_id`) REFERENCES `mustahik_types` (`id`) ON DELETE CASCADE ON UPDATE CASCADE,
  ADD CONSTRAINT `mustahiks_rt_id_foreign` FOREIGN KEY (`rt_id`) REFERENCES `rts` (`id`) ON DELETE CASCADE ON UPDATE CASCADE,
  ADD CONSTRAINT `mustahiks_rw_id_foreign` FOREIGN KEY (`rw_id`) REFERENCES `rws` (`id`) ON DELETE CASCADE ON UPDATE CASCADE;

--
-- Constraints for table `people`
--
ALTER TABLE `people`
  ADD CONSTRAINT `people_rt_id_foreign` FOREIGN KEY (`rt_id`) REFERENCES `rts` (`id`) ON DELETE CASCADE ON UPDATE CASCADE,
  ADD CONSTRAINT `people_rw_id_foreign` FOREIGN KEY (`rw_id`) REFERENCES `rws` (`id`) ON DELETE CASCADE ON UPDATE CASCADE;

--
-- Constraints for table `rts`
--
ALTER TABLE `rts`
  ADD CONSTRAINT `rts_rw_id_foreign` FOREIGN KEY (`rw_id`) REFERENCES `rws` (`id`) ON DELETE CASCADE ON UPDATE CASCADE;

--
-- Constraints for table `zakats`
--
ALTER TABLE `zakats`
  ADD CONSTRAINT `zakats_amount_type_id_foreign` FOREIGN KEY (`amount_type_id`) REFERENCES `satuan_zakats` (`id`) ON DELETE CASCADE ON UPDATE CASCADE,
  ADD CONSTRAINT `zakats_people_id_foreign` FOREIGN KEY (`people_id`) REFERENCES `people` (`id`) ON DELETE CASCADE ON UPDATE CASCADE;
COMMIT;

/*!40101 SET CHARACTER_SET_CLIENT=@OLD_CHARACTER_SET_CLIENT */;
/*!40101 SET CHARACTER_SET_RESULTS=@OLD_CHARACTER_SET_RESULTS */;
/*!40101 SET COLLATION_CONNECTION=@OLD_COLLATION_CONNECTION */;
